id;title;size;mime_type
1;invoice infomediaries;82184;Avon 24/7
2;hub Palau viral;82808;parse
3;neural El Salvador Colon US Dollar;38462;generate Chicken
4;Implementation;91721;transmit hacking
5;Intelligent Cotton Car pricing structure Metal;54179;Down-sized fault-tolerant Rustic
6;program teal Distributed;64381;AGP Cambridgeshire payment
7;Berkshire Credit Card Account Operations;61861;Cheese
8;Executive;7555;Tools adapter bi-directional
9;Response Games Generic Fresh Cheese;72949;Uzbekistan turn-key
10;SSL Home Loan Account;14487;Guyana array microchip
